min_sigma,max_sigma,best_threshold
6.808431940252648307e-01,9.067948807391495336e+00,1.300000000000000044e-01
